demo000000,21,iobeam,pinto,5.0.0
demo000001,22,iobeam,mustang,5.1.0
demo000002,21,iobeam,focus,5.0.0
demo000003,19,iobeam,pinto,4.4.4
demo000004,22,iobeam,mustang,5.1.0
demo000005,21,iobeam,focus,5.0.0
demo000006,19,iobeam,pinto,4.4.4
demo000007,19,iobeam,mustang,4.4.4
demo000008,21,iobeam,focus,5.0.0
demo000009,21,iobeam,pinto,5.0.0
demo000010,23,iobeam,mustang,6.0.1
demo000011,21,iobeam,focus,5.0.0
demo000012,22,iobeam,pinto,5.1.0
demo000013,21,iobeam,mustang,5.0.0
demo000014,23,iobeam,focus,6.0.1
demo000015,22,iobeam,pinto,5.1.0
demo000016,21,iobeam,mustang,5.0.0
demo000017,23,iobeam,focus,6.0.1
demo000018,19,iobeam,pinto,4.4.4
demo000019,22,iobeam,mustang,5.1.0